version,page_size,request_no,status,records,sql_count,latency_ms
naive,10,1,200,10,12,4.836
naive,10,2,200,10,12,4.126
naive,10,3,200,10,12,3.86
naive,10,4,200,10,12,4.281
naive,10,5,200,10,12,4.174
naive,10,6,200,10,12,3.94
naive,10,7,200,10,12,3.86
naive,10,8,200,10,12,3.811
naive,10,9,200,10,12,3.732
naive,10,10,200,10,12,4.068
naive,10,11,200,10,12,3.812
naive,10,12,200,10,12,3.767
naive,10,13,200,10,12,3.908
naive,10,14,200,10,12,4.389
naive,10,15,200,10,12,3.917
naive,10,16,200,10,12,3.893
naive,10,17,200,10,12,3.832
naive,10,18,200,10,12,3.985
naive,10,19,200,10,12,3.8
naive,10,20,200,10,12,3.876
naive,10,21,200,10,12,4.043
naive,10,22,200,10,12,3.949
naive,10,23,200,10,12,4.003
naive,10,24,200,10,12,3.938
naive,10,25,200,10,12,3.911
naive,10,26,200,10,12,3.887
naive,10,27,200,10,12,3.95
naive,10,28,200,10,12,3.855
naive,10,29,200,10,12,3.739
naive,10,30,200,10,12,3.803
naive,50,1,200,50,52,12.613
naive,50,2,200,50,52,13.048
naive,50,3,200,50,52,11.059
naive,50,4,200,50,52,9.681
naive,50,5,200,50,52,9.267
naive,50,6,200,50,52,9.623
naive,50,7,200,50,52,9.382
naive,50,8,200,50,52,10.869
naive,50,9,200,50,52,9.569
naive,50,10,200,50,52,9.382
naive,50,11,200,50,52,9.148
naive,50,12,200,50,52,9.474
naive,50,13,200,50,52,9.717
naive,50,14,200,50,52,9.457
naive,50,15,200,50,52,9.32
naive,50,16,200,50,52,9.648
naive,50,17,200,50,52,9.281
naive,50,18,200,50,52,9.137
naive,50,19,200,50,52,9.108
naive,50,20,200,50,52,9.872
naive,50,21,200,50,52,9.099
naive,50,22,200,50,52,9.083
naive,50,23,200,50,52,8.977
naive,50,24,200,50,52,9.04
naive,50,25,200,50,52,8.965
naive,50,26,200,50,52,8.886
naive,50,27,200,50,52,9.282
naive,50,28,200,50,52,9.23
naive,50,29,200,50,52,9.01
naive,50,30,200,50,52,8.884
naive,200,1,200,200,202,31.619
naive,200,2,200,200,202,32.374
naive,200,3,200,200,202,31.146
naive,200,4,200,200,202,33.48
naive,200,5,200,200,202,32.159
naive,200,6,200,200,202,34.106
naive,200,7,200,200,202,32.332
naive,200,8,200,200,202,32.832
naive,200,9,200,200,202,32.445
naive,200,10,200,200,202,32.942
naive,200,11,200,200,202,31.957
naive,200,12,200,200,202,32.989
naive,200,13,200,200,202,32.314
naive,200,14,200,200,202,31.998
naive,200,15,200,200,202,34.452
naive,200,16,200,200,202,35.177
naive,200,17,200,200,202,36.35
naive,200,18,200,200,202,33.709
naive,200,19,200,200,202,33.353
naive,200,20,200,200,202,32.592
naive,200,21,200,200,202,32.273
naive,200,22,200,200,202,32.008
naive,200,23,200,200,202,32.92
naive,200,24,200,200,202,32.201
naive,200,25,200,200,202,33.184
naive,200,26,200,200,202,32.073
naive,200,27,200,200,202,31.872
naive,200,28,200,200,202,33.923
naive,200,29,200,200,202,33.682
naive,200,30,200,200,202,32.063
fixed,10,1,200,10,3,1.929
fixed,10,2,200,10,3,1.912
fixed,10,3,200,10,3,1.98
fixed,10,4,200,10,3,1.967
fixed,10,5,200,10,3,1.973
fixed,10,6,200,10,3,1.869
fixed,10,7,200,10,3,1.941
fixed,10,8,200,10,3,1.914
fixed,10,9,200,10,3,1.87
fixed,10,10,200,10,3,1.97
fixed,10,11,200,10,3,1.88
fixed,10,12,200,10,3,1.893
fixed,10,13,200,10,3,1.91
fixed,10,14,200,10,3,1.865
fixed,10,15,200,10,3,1.927
fixed,10,16,200,10,3,2.212
fixed,10,17,200,10,3,2.085
fixed,10,18,200,10,3,1.985
fixed,10,19,200,10,3,1.915
fixed,10,20,200,10,3,1.895
fixed,10,21,200,10,3,1.898
fixed,10,22,200,10,3,1.859
fixed,10,23,200,10,3,1.881
fixed,10,24,200,10,3,1.919
fixed,10,25,200,10,3,1.915
fixed,10,26,200,10,3,2.207
fixed,10,27,200,10,3,1.902
fixed,10,28,200,10,3,1.909
fixed,10,29,200,10,3,1.901
fixed,10,30,200,10,3,1.99
fixed,50,1,200,50,3,2.732
fixed,50,2,200,50,3,2.3
fixed,50,3,200,50,3,2.303
fixed,50,4,200,50,3,2.295
fixed,50,5,200,50,3,2.264
fixed,50,6,200,50,3,2.3
fixed,50,7,200,50,3,2.269
fixed,50,8,200,50,3,2.224
fixed,50,9,200,50,3,2.264
fixed,50,10,200,50,3,2.25
fixed,50,11,200,50,3,2.257
fixed,50,12,200,50,3,2.204
fixed,50,13,200,50,3,2.244
fixed,50,14,200,50,3,2.441
fixed,50,15,200,50,3,2.403
fixed,50,16,200,50,3,4.245
fixed,50,17,200,50,3,2.509
fixed,50,18,200,50,3,2.308
fixed,50,19,200,50,3,2.257
fixed,50,20,200,50,3,2.344
fixed,50,21,200,50,3,2.551
fixed,50,22,200,50,3,2.705
fixed,50,23,200,50,3,2.516
fixed,50,24,200,50,3,2.367
fixed,50,25,200,50,3,2.355
fixed,50,26,200,50,3,2.319
fixed,50,27,200,50,3,2.253
fixed,50,28,200,50,3,2.278
fixed,50,29,200,50,3,2.283
fixed,50,30,200,50,3,2.396
fixed,200,1,200,200,3,3.508
fixed,200,2,200,200,3,3.516
fixed,200,3,200,200,3,3.41
fixed,200,4,200,200,3,3.534
fixed,200,5,200,200,3,3.549
fixed,200,6,200,200,3,3.566
fixed,200,7,200,200,3,3.628
fixed,200,8,200,200,3,3.725
fixed,200,9,200,200,3,3.49
fixed,200,10,200,200,3,3.445
fixed,200,11,200,200,3,3.514
fixed,200,12,200,200,3,3.432
fixed,200,13,200,200,3,3.505
fixed,200,14,200,200,3,3.473
fixed,200,15,200,200,3,3.498
fixed,200,16,200,200,3,3.498
fixed,200,17,200,200,3,3.574
fixed,200,18,200,200,3,3.657
fixed,200,19,200,200,3,19.639
fixed,200,20,200,200,3,4.262
fixed,200,21,200,200,3,4.206
fixed,200,22,200,200,3,4.177
fixed,200,23,200,200,3,4.117
fixed,200,24,200,200,3,4.077
fixed,200,25,200,200,3,4.126
fixed,200,26,200,200,3,3.95
fixed,200,27,200,200,3,4.049
fixed,200,28,200,200,3,4.131
fixed,200,29,200,200,3,4.095
fixed,200,30,200,200,3,4.312
