id,config,k,retrieved,irrelevant_retrieved,kept,correct_retrieval,input_tokens,latency_ms,correct_answer,answer
Q2,B,1,Session_Management_Cheat_Sheet.md#17,0,1,1,538,9626.7,1,"**Answer:** A session ID cookie should use the following attributes to ensure proper session management and security: - **`HttpOnly`**: Prevents client-side scripts from accessing the cookie, reducing the risk of cross-site scripting (XSS) attacks. - **`Secure`**: Ensures the cookie is only transmitted over HTTPS, preventing eavesdropping on unencrypted connections. - **`SameSite`**: Helps prevent cross-site request forgery (CSRF) attacks by controlling how cookies are sent with requests. It is recommended to set this to `Strict` or `Lax` depending on the application's requirements. - **`Path`**: Specifies the URL path that the cookie is valid for, ensuring it is only sent to the appropriate parts of the application. - **`Expires` or `Max-Age`**: Used to set the cookie's expiration time, which is important for session termination. **Regarding idle timeout**, the **OWASP** recommends **setting an idle timeout of 2–5 minutes** for **high-value applications** and **15–30 minutes** for **low-risk applications**, depending on the sensitivity of the data and the user's expected interaction time. This helps balance security and usability by limiting the window of opportunity for an attacker to exploit a stolen session ID."
Q2,C,1,Session_Management_Cheat_Sheet.md#17,0,1,1,666,3161.4,0,"The session ID cookie should use the `Expires` (or `Max-Age`) attribute to set a date from the past if a persistent cookie is being used, and provide an empty (or invalid) value for the session ID [1]. OWASP recommends an idle timeout range of 2-5 minutes for high-value applications and 15-30 minutes for low risk applications [1]."
Q2,B,3,Session_Management_Cheat_Sheet.md#17;Session_Management_Cheat_Sheet.md#22;Session_Management_Cheat_Sheet.md#11,0,3,1,1518,15515.4,1,"**Answer:** A session ID cookie should use the following **cookie attributes** to ensure security and prevent session hijacking: - **HttpOnly**: Prevents client-side scripts (e.g., JavaScript) from accessing the cookie, mitigating the risk of cross-site scripting (XSS) attacks. - **Secure**: Ensures the cookie is only transmitted over HTTPS, preventing transmission over insecure channels. - **SameSite=Strict** (or **SameSite=Lax** if appropriate): Prevents the cookie from being sent with cross-site requests, reducing the risk of cross-site request forgery (CSRF) attacks. - **Path**: Should be set to the appropriate path to limit the scope of the cookie (e.g., `/` for the entire application). - **Domain**: Should be set to the domain of the application to avoid cookie leakage to subdomains or other domains. - **Expires** or **Max-Age**: Defines the session timeout, which should be set based on the application's risk profile and user experience requirements. --- **OWASP recommends the following idle timeout values** for session expiration, depending on the **risk level** of the web application: - **High-value applications** (e.g., banking, healthcare): **2–5 minutes** idle timeout. - **Low-risk applications** (e.g., public-facing, non-sensitive data): **15–30 minutes** idle timeout. These values help balance **security** (limiting the window of opportunity for an attacker to exploit a stolen session ID) and **usability** (ensuring users are not frequently logged out during normal use)."
Q2,C,3,Session_Management_Cheat_Sheet.md#17;Session_Management_Cheat_Sheet.md#22;Session_Management_Cheat_Sheet.md#11,0,3,1,1700,7352.0,1,"A session ID cookie should use the `HttpOnly`, `Secure`, and `SameSite=Strict` attributes to prevent accidental transmission over the wire in a non-secure manner, protect against cookie manipulation, and ensure that the cookie is not accessible to JavaScript executing in the origin [3]. OWASP recommends an idle timeout of 2-5 minutes for high-value applications and 15-30 minutes for low-risk applications [1]."
Q2,B,5,Session_Management_Cheat_Sheet.md#17;Session_Management_Cheat_Sheet.md#22;Session_Management_Cheat_Sheet.md#11;Session_Management_Cheat_Sheet.md#18;Session_Management_Cheat_Sheet.md#19,0,5,1,2495,14630.4,1,"**Answer:** A session ID cookie should use the following **cookie attributes** to enhance security: - **`HttpOnly`**: Prevents client-side scripts (e.g., JavaScript) from accessing the cookie, reducing the risk of XSS attacks. - **`Secure`**: Ensures the cookie is only transmitted over HTTPS, preventing transmission over insecure channels. - **`SameSite=Strict`** (or `SameSite=Strict` for stricter control): Prevents the cookie from being sent with cross-site requests, mitigating CSRF attacks. - **`Path`**: Specifies the URL path that the cookie is valid for (e.g., `/` to make it available across the entire application). - **`Domain`**: Limits the domain for which the cookie is valid (e.g., `example.com`), reducing the risk of cookie theft across subdomains. - **`Expires`** or **`Max-Age`**: Defines when the cookie should expire, helping to manage session timeouts. --- **OWASP recommends the following idle timeout values** based on the risk level of the web application: - **High-value applications** (e.g., banking, healthcare): **2–5 minutes** - **Low-risk applications** (e.g., public-facing, non-sensitive): **15–30 minutes** These timeouts help limit the window of opportunity for an attacker to exploit a stolen session ID."
Q2,C,5,Session_Management_Cheat_Sheet.md#17;Session_Management_Cheat_Sheet.md#22;Session_Management_Cheat_Sheet.md#11;Session_Management_Cheat_Sheet.md#18;Session_Management_Cheat_Sheet.md#19,0,5,1,2731,8154.6,1,"The session ID cookie should use the `HttpOnly`, `Secure`, and `SameSite=Strict` attributes to prevent accidental transmission over the wire in a non-secure manner, protect against cross-site scripting (XSS) attacks, and ensure that cookies are only sent over secure connections and not shared across different websites [3]. OWASP recommends idle timeout ranges of 2-5 minutes for high-value applications and 15-30 minutes for low-risk applications [1]."
Q3,B,1,Password_Storage_Cheat_Sheet.md#1,0,1,0,535,3202.6,1,"**Answer:** The recommended algorithm for hashing user passwords is **Argon2id** with a minimum configuration of 19 MiB of memory, an iteration count of 2, and 1 degree of parallelism. If Argon2id is not available, **scrypt** is the next recommended option with specific parameters."
Q3,C,1,Password_Storage_Cheat_Sheet.md#1,0,1,0,662,2640.7,1,"The recommended algorithms for hashing user passwords include Argon2id, scrypt, bcrypt, and PBKDF2, depending on the specific requirements and availability. Argon2id is specifically recommended with a minimum configuration of 19 MiB of memory, an iteration count of 2, and 1 degree of parallelism [1]."
Q3,B,3,Password_Storage_Cheat_Sheet.md#1;Password_Storage_Cheat_Sheet.md#10;Password_Storage_Cheat_Sheet.md#3,0,3,0,1513,7823.0,1,"**Answer:** The recommended algorithm for hashing user passwords is **Argon2id** with a minimum configuration of **19 MiB of memory**, an **iteration count of 2**, and **1 degree of parallelism**. If Argon2id is not available, **scrypt** with a minimum CPU/memory cost parameter of **(2^17)**, a minimum block size of **8 (1024 bytes)**, and a parallelization parameter of **1** is recommended as an alternative."
Q3,C,3,Password_Storage_Cheat_Sheet.md#1;Password_Storage_Cheat_Sheet.md#10;Password_Storage_Cheat_Sheet.md#3,0,3,0,1693,5686.7,1,"The recommended algorithm for hashing user passwords is **Argon2id** with a minimum configuration of 19 MiB of memory, an iteration count of 2, and 1 degree of parallelism [1]."
Q3,B,5,Password_Storage_Cheat_Sheet.md#1;Password_Storage_Cheat_Sheet.md#10;Password_Storage_Cheat_Sheet.md#3;Password_Storage_Cheat_Sheet.md#5;Password_Storage_Cheat_Sheet.md#2,0,5,0,2491,12300.6,1,"**Answer:** The recommended algorithm for hashing user passwords is **Argon2id**, with a minimum configuration of **19 MiB of memory**, an **iteration count of 2**, and **1 degree of parallelism**. If Argon2id is not available, **scrypt** with a minimum CPU/memory cost parameter of **(2^17)**, a minimum block size of **8 (1024 bytes)**, and a parallelization parameter of **1** is recommended. For legacy systems, **bcrypt** with a work factor of **10 or more** and a password limit of **72 bytes** is acceptable. If **FIPS-140 compliance** is required, **PBKDF2** with a work factor of **600,000 or more** and using **HMAC-SHA-256** as the internal hash function is recommended. **Argon2id** is generally considered the most secure and modern choice for password hashing."
Q3,C,5,Password_Storage_Cheat_Sheet.md#1;Password_Storage_Cheat_Sheet.md#10;Password_Storage_Cheat_Sheet.md#3;Password_Storage_Cheat_Sheet.md#5;Password_Storage_Cheat_Sheet.md#2,0,5,0,2723,12697.1,1,"The recommended algorithms for hashing user passwords are Argon2id, scrypt, bcrypt, or PBKDF2. Specifically, the context states: - **Use Argon2id with a minimum configuration of 19 MiB of memory, an iteration count of 2, and 1 degree of parallelism** [1]. - **If Argon2id is not available, use scrypt with a minimum CPU/memory cost parameter of (2^17), a minimum block size of 8 (1024 bytes), and a parallelization parameter of 1** [1]. - **For legacy systems using bcrypt, use a work factor of 10 or more and with a password limit of 72 bytes** [1]. - **If FIPS-140 compliance is required, use PBKDF2 with a work factor of 600,000 or more and set with an internal hash function of HMAC-SHA-256** [1]."
